{
  "0": {
    "precision": 0.8214285714285714,
    "recall": 0.7931034482758621,
    "f1-score": 0.8070175438596491,
    "support": 87.0
  },
  "1": {
    "precision": 0.64,
    "recall": 0.6808510638297872,
    "f1-score": 0.6597938144329897,
    "support": 47.0
  },
  "accuracy": 0.753731343283582,
  "macro avg": {
    "precision": 0.7307142857142856,
    "recall": 0.7369772560528247,
    "f1-score": 0.7334056791463194,
    "support": 134.0
  },
  "weighted avg": {
    "precision": 0.7577931769722814,
    "recall": 0.753731343283582,
    "f1-score": 0.7553793701055223,
    "support": 134.0
  }
}